{
    "config": {
        "task": "img-classification",
        "dataset": "cifar-10",
        "metric": "acc",
        "model": "GenFractalNet-f61155c839543aa1c15e3f0db6de4c22"
    },
    "hyperparameters": {
        "lr": 0.005,
        "momentum": 0.75,
        "batch": 64,
        "epoch": 1,
        "transform": "norm_32_flip",
        "max_batches": null,
        "uid": "53491a4d36a6cc19b8a31ca7d743eb4c",
        "duration": 33698039884,
        "accuracy": 0.5894,
        "train_loss": 1.1342008857013623,
        "test_loss": 1.1550806335582855,
        "train_accuracy": 0.5933,
        "gradient_norm": 1.7984982541742534,
        "samples_per_second": 1483.7931830759042,
        "best_accuracy": 0.5894,
        "best_epoch": 1,
        "cpu_type": "x86_64",
        "cpu_count": 32,
        "total_ram_kb": 131724388.0,
        "gpu_type": "NVIDIA GeForce RTX 4090",
        "gpu_total_memory_kb": 24658816.0,
        "occupied_ram_kb": 16892468.0,
        "ram_usage_percent": 15.1,
        "cpu_usage_percent": 0.3,
        "occupied_gpu_memory_kb": 22371.5,
        "gpu_memory_usage_percent": 0.09,
        "gpu_memory_kb": 2456080.0
    },
    "training_summary": {
        "total_epochs": 1,
        "best_accuracy": 0.5894,
        "final_accuracy": 0.5894
    },
    "uid": "f61155c839543aa1c15e3f0db6de4c22"
}