{
    "config": {
        "task": "img-classification",
        "dataset": "cifar-10",
        "metric": "acc",
        "model": "GenFractalNet-252dfed91d74a10f0954f2294fe84802"
    },
    "hyperparameters": {
        "lr": 0.003,
        "momentum": 0.95,
        "batch": 64,
        "epoch": 1,
        "transform": "norm_32_flip",
        "max_batches": null,
        "uid": "9ea869fde7b3127470ef4c9a9f95d4c3",
        "duration": 30156169721,
        "accuracy": 0.6806,
        "train_loss": 0.9177250505408363,
        "test_loss": 0.9430880975571407,
        "train_accuracy": 0.6961,
        "gradient_norm": 3.3692699996918822,
        "samples_per_second": 1658.0520310154238,
        "best_accuracy": 0.6806,
        "best_epoch": 1,
        "cpu_type": "x86_64",
        "cpu_count": 224,
        "total_ram_kb": 2113462548.0,
        "gpu_type": "NVIDIA H100 80GB HBM3",
        "gpu_total_memory_kb": 83025024.0,
        "occupied_ram_kb": 114566360.0,
        "ram_usage_percent": 5.9,
        "cpu_usage_percent": 0.8,
        "occupied_gpu_memory_kb": 563664.5,
        "gpu_memory_usage_percent": 0.68,
        "gpu_memory_kb": 34267010.0
    },
    "training_summary": {
        "total_epochs": 1,
        "best_accuracy": 0.6806,
        "final_accuracy": 0.6806
    },
    "uid": "252dfed91d74a10f0954f2294fe84802"
}