{
    "config": {
        "task": "img-classification",
        "dataset": "cifar-10",
        "metric": "acc",
        "model": "GenFractalNet-376183913ab2d02701ba36c910aa8b67"
    },
    "hyperparameters": {
        "lr": 0.01,
        "momentum": 0.92,
        "batch": 64,
        "epoch": 1,
        "transform": "norm_32_flip",
        "max_batches": null,
        "uid": "fb90a55754624e15cc974013a9a25d1f",
        "duration": 33586746657,
        "accuracy": 0.6433,
        "train_loss": 0.9634416678829876,
        "test_loss": 0.9911493271779103,
        "train_accuracy": 0.65824,
        "gradient_norm": 2.9999994170749242,
        "samples_per_second": 1488.6922866879336,
        "best_accuracy": 0.6433,
        "best_epoch": 1,
        "cpu_type": "x86_64",
        "cpu_count": 32,
        "total_ram_kb": 131727204.0,
        "gpu_type": "NVIDIA GeForce RTX 4090",
        "gpu_total_memory_kb": 24658816.0,
        "occupied_ram_kb": 19949232.0,
        "ram_usage_percent": 17.1,
        "cpu_usage_percent": 5.3,
        "occupied_gpu_memory_kb": 47946.0,
        "gpu_memory_usage_percent": 0.19,
        "gpu_memory_kb": 1829473.0
    },
    "training_summary": {
        "total_epochs": 1,
        "best_accuracy": 0.6433,
        "final_accuracy": 0.6433
    },
    "uid": "376183913ab2d02701ba36c910aa8b67"
}