{
    "peak_accuracy": 30.43,
    "top3_mean": 30.429999999999996,
    "archive_size": 12,
    "fitness_history": [
        15.690000000000001,
        15.86,
        15.86,
        15.86,
        18.65,
        18.65,
        25.64,
        26.009999999999998,
        26.009999999999998,
        26.009999999999998,
        26.009999999999998,
        28.83,
        28.83,
        28.83,
        28.83,
        29.880000000000003,
        29.880000000000003,
        29.880000000000003,
        29.880000000000003,
        29.880000000000003,
        29.880000000000003,
        29.880000000000003,
        30.43,
        30.43,
        30.43,
        30.43,
        30.43,
        30.43,
        30.43,
        30.43,
        30.43,
        30.43,
        30.43,
        30.43,
        30.43,
        30.43,
        30.43,
        30.43,
        30.43,
        30.43,
        30.43,
        30.43,
        30.43,
        30.43,
        30.43,
        30.43,
        30.43,
        30.43,
        30.43,
        30.43
    ],
    "total_generations": 50
}