{
    "peak_accuracy": 29.95,
    "top3_mean": 22.77333333333333,
    "archive_size": 9,
    "fitness_history": [
        13.270000000000001,
        13.270000000000001,
        13.270000000000001,
        13.270000000000001,
        13.270000000000001,
        13.270000000000001,
        13.270000000000001,
        13.270000000000001,
        13.270000000000001,
        13.270000000000001,
        13.270000000000001,
        13.270000000000001,
        13.270000000000001,
        13.270000000000001,
        13.270000000000001,
        13.270000000000001,
        13.270000000000001,
        13.270000000000001,
        13.270000000000001,
        13.270000000000001,
        13.270000000000001,
        13.270000000000001,
        13.270000000000001,
        13.270000000000001,
        29.95
    ],
    "total_generations": 25
}