{
    "peak_accuracy": 71.41,
    "top3_mean": 71.41,
    "archive_size": 16,
    "fitness_history": [
        39.53,
        47.54,
        62.529999999999994,
        62.529999999999994,
        65.64,
        65.64,
        69.45,
        69.45,
        69.45,
        69.45,
        69.45,
        69.45,
        69.45,
        69.45,
        69.45,
        69.45,
        69.45,
        69.62,
        69.62,
        69.62,
        69.62,
        69.62,
        70.33,
        70.33,
        70.33,
        70.33,
        70.33,
        70.33,
        70.33,
        70.33,
        70.33,
        70.33,
        70.33,
        70.33,
        70.33,
        70.33,
        70.33,
        70.33,
        70.33,
        70.33,
        70.38,
        70.44,
        70.44,
        70.44,
        70.44,
        70.44,
        70.44,
        70.44,
        70.44,
        70.44,
        70.44,
        70.65,
        70.65,
        70.65,
        70.65,
        70.65,
        70.65,
        70.65,
        70.65,
        70.65,
        70.65,
        70.65,
        70.65,
        70.65,
        70.65,
        70.65,
        70.65,
        70.65,
        70.65,
        70.65,
        70.67,
        70.67,
        70.67,
        70.67,
        70.67,
        70.67,
        71.41,
        71.41,
        71.41,
        71.41,
        71.41,
        71.41,
        71.41,
        71.41,
        71.41,
        71.41,
        71.41,
        71.41,
        71.41,
        71.41,
        71.41,
        71.41,
        71.41,
        71.41,
        71.41,
        71.41,
        71.41,
        71.41,
        71.41,
        71.41
    ],
    "total_generations": 100
}