{
    "peak_accuracy": 70.47,
    "top3_mean": 70.20666666666666,
    "archive_size": 9,
    "fitness_history": [
        56.69,
        57.76,
        65.36,
        65.36,
        65.36,
        65.36,
        68.15,
        68.15,
        68.15,
        68.15,
        68.15,
        68.15,
        68.15,
        68.71000000000001,
        68.71000000000001,
        68.71000000000001,
        68.71000000000001,
        68.71000000000001,
        68.71000000000001,
        69.89,
        69.89,
        70.47,
        70.47,
        70.47,
        70.47
    ],
    "total_generations": 25
}