{
    "peak_accuracy": 68.78999999999999,
    "top3_mean": 67.74333333333333,
    "archive_size": 12,
    "fitness_history": [
        67.67999999999999,
        67.67999999999999,
        67.67999999999999,
        67.67999999999999,
        68.78999999999999
    ],
    "total_generations": 25
}