{
    "peak_accuracy": 70.52000000000001,
    "top3_mean": 70.52000000000001,
    "archive_size": 9,
    "fitness_history": [
        70.52000000000001,
        70.52000000000001,
        70.52000000000001,
        70.52000000000001,
        70.52000000000001
    ],
    "total_generations": 50
}