{
    "peak_accuracy": 27.439999999999998,
    "top3_mean": 27.439999999999998,
    "archive_size": 9,
    "fitness_history": [
        27.439999999999998,
        27.439999999999998,
        27.439999999999998,
        27.439999999999998,
        27.439999999999998
    ],
    "total_generations": 160
}