{
    "config": {
        "task": "img-classification",
        "dataset": "cifar-10",
        "metric": "acc",
        "model": "GenFractalNet-928b9be08fd16e50af13484f7209feba"
    },
    "hyperparameters": {
        "lr": 0.001,
        "momentum": 0.75,
        "batch": 64,
        "epoch": 1,
        "transform": "norm_32_flip",
        "max_batches": null,
        "uid": "b6bfaf83998d37f4d3476cb4c42c7314",
        "duration": 36067476140,
        "accuracy": 0.7293,
        "train_loss": 0.7296681238333588,
        "test_loss": 0.7678619833888521,
        "train_accuracy": 0.7456,
        "gradient_norm": 2.9999993825356612,
        "samples_per_second": 1386.3016864613514,
        "best_accuracy": 0.7293,
        "best_epoch": 1,
        "cpu_type": "x86_64",
        "cpu_count": 128,
        "total_ram_kb": 263708948.0,
        "gpu_type": "NVIDIA GeForce RTX 3090",
        "gpu_total_memory_kb": 24703168.0,
        "occupied_ram_kb": 43490028.0,
        "ram_usage_percent": 21.1,
        "cpu_usage_percent": 5.1,
        "occupied_gpu_memory_kb": 22393.5,
        "gpu_memory_usage_percent": 0.09,
        "gpu_memory_kb": 6322482.5
    },
    "training_summary": {
        "total_epochs": 1,
        "best_accuracy": 0.7293,
        "final_accuracy": 0.7293
    },
    "uid": "928b9be08fd16e50af13484f7209feba"
}